{"initial_reset_timestamp": 46148.464081841, "timestamps": [46148.766327754], "episode_lengths": [45], "episode_rewards": [0.9841796875], "episode_types": ["t"]}