{"initial_reset_timestamp": 46202.990718767, "timestamps": [46203.184682607], "episode_lengths": [21], "episode_rewards": [0.97046875], "episode_types": ["t"]}