{"initial_reset_timestamp": 46339.066828209, "timestamps": [46339.254503566], "episode_lengths": [21], "episode_rewards": [0.97046875], "episode_types": ["t"]}