{"initial_reset_timestamp": 46716.716293473, "timestamps": [46717.227525276], "episode_lengths": [83], "episode_rewards": [0.9708203125], "episode_types": ["t"]}