#{"t_start": 1647388069.002362, "env_id": "MiniGrid-DoorKey-6x6-v0"}
r,l,t
0,360,612.850168
0,360,613.733791
0,360,614.632728
0,360,615.51393
0,360,616.519082
