{"initial_reset_timestamp": 45996.305374434, "timestamps": [45996.801996735], "episode_lengths": [73], "episode_rewards": [0.9743359375], "episode_types": ["t"]}